,pop,emp,unemp,seed,count,rate,components
0,2564,1433,55,0.0,1,0.03696236559139785,49001100200
1,3185,1310,35,0.0,1,0.026022304832713755,49003960100
2,7307,3459,122,0.0,1,0.034068695895001395,49003960200
3,8250,3571,173,0.0,1,0.04620726495726496,49003960300
4,5212,2410,63,0.0,1,0.02547513141932875,49003960400
5,5474,2546,50,0.0,1,0.01926040061633282,49003960500
6,3855,1489,88,0.0,1,0.05580215599239061,49003960601
7,2407,1198,34,0.0,1,0.027597402597402596,49003960602
8,4755,2407,106,0.0,1,0.04218066056506168,49003960701
9,2490,1222,57,0.0,1,0.044566067240031274,49003960702
10,4335,2302,90,0.0,1,0.03762541806020067,49003960801
11,4518,2173,27,0.0,1,0.012272727272727272,49003960802
12,4861,2345,68,0.0,1,0.02818068794032325,49005000101
13,1673,829,22,0.0,1,0.025851938895417155,49005000102
14,3358,1703,58,0.0,1,0.032935831913685404,49005000201
15,7422,3517,96,0.0,1,0.026570716855798506,49005000202
16,8249,3105,77,0.0,1,0.024198617221873036,49005000300
17,3669,1840,73,0.0,1,0.038159958180867745,49005000401
18,3373,1636,46,0.0,1,0.027348394768133173,49005000402
19,6270,3112,60,0.0,1,0.018915510718789406,49005000403
20,5524,3002,92,0.0,1,0.029734970911441498,49005000501
21,5717,3853,52,0.0,1,0.013316261203585146,49005000502
22,7681,3804,183,0.0,1,0.04589917231000752,49005000600
23,4965,2449,83,0.0,1,0.032780410742496054,49005000701
24,5276,3512,111,0.0,1,0.030637593154844052,49005000800
25,3702,2081,71,0.0,1,0.032992565055762084,49005000900
26,3085,1484,45,0.0,1,0.029431000654022238,49005001001
27,4798,2732,82,0.0,1,0.02914001421464108,49005001002
28,5896,2653,44,0.0,1,0.016314423433444566,49005001101
29,4644,2327,34,0.0,1,0.014400677678949597,49005001102
30,5063,2459,46,0.0,1,0.018363273453093812,49005001201
31,5954,2797,74,0.0,1,0.025774991292232673,49005001202
32,6842,3079,56,0.0,1,0.017862838915470493,49005001300
33,4603,1863,69,0.0,1,0.03571428571428571,49005001401
34,4018,1891,40,0.0,1,0.020714655618850338,49005001402
35,2159,1013,65,0.0,1,0.06029684601113173,49005001500
36,108,57,0,0.0,1,0.0,49005980100
37,3952,1474,51,0.0,1,0.03344262295081967,49007000500
38,4494,2402,76,0.0,1,0.03066989507667474,49011125102
39,4730,2485,87,0.0,1,0.03382581648522551,49011125103
40,6254,2999,150,0.0,1,0.047634169577643694,49011125104
41,5531,2629,156,0.0,1,0.05601436265709156,49011125301
42,11204,5494,178,0.0,1,0.03138222849083216,49011125303
43,5108,2948,116,0.0,1,0.037859007832898174,49011125304
44,6828,3938,136,0.0,1,0.033382425135002454,49011125305
45,12561,5949,27,0.0,1,0.004518072289156626,49011125401
46,12119,5740,153,0.0,1,0.025963006957407095,49011125403
47,10456,4796,126,0.0,1,0.025599349857781388,49011125405
48,8028,3795,121,0.0,1,0.03089887640449438,49011125406
49,6267,2867,73,0.0,1,0.024829931972789116,49011125501
50,6218,3040,97,0.0,1,0.030921262352566144,49011125502
51,5081,2551,101,0.0,1,0.03808446455505279,49011125503
52,1364,113,0,0.0,1,0.0,49011125600
53,3936,1580,44,0.0,1,0.027093596059113302,49011125701
54,7475,3578,125,0.0,1,0.033756413718606534,49011125801
55,7028,3629,141,0.0,1,0.03740053050397878,49011125804
56,6586,3286,70,0.0,1,0.020858164481525627,49011125805
57,3267,1688,60,0.0,1,0.034324942791762014,49011125807
58,6003,3644,220,0.0,1,0.056935817805383024,49011125808
59,6992,3144,184,0.0,1,0.055288461538461536,49011125905
60,7619,3416,44,0.0,1,0.012716763005780347,49011125906
61,2339,1062,30,0.0,1,0.027472527472527472,49011125907
62,5431,2540,94,0.0,1,0.03568716780561883,49011125908
63,5214,2625,144,0.0,1,0.05200433369447454,49011126001
64,5430,2948,47,0.0,1,0.015692821368948246,49011126002
65,7167,2720,45,0.0,1,0.0162748643761302,49011126101
66,11811,5630,126,0.0,1,0.02189020152883947,49011126104
67,7721,3664,150,0.0,1,0.03932878867330886,49011126105
68,9470,5212,80,0.0,1,0.015117157974300832,49011126202
69,4404,2445,55,0.0,1,0.022,49011126203
70,4787,2617,80,0.0,1,0.029662588060808306,49011126204
71,4991,2260,17,0.0,1,0.007465963987703118,49011126303
72,6805,3206,42,0.0,1,0.01293103448275862,49011126304
73,2364,1034,48,0.0,1,0.04436229205175601,49011126305
74,7421,3858,90,0.0,1,0.022796352583586626,49011126306
75,3560,1543,72,0.0,1,0.04458204334365325,49011126402
76,6628,3458,48,0.0,1,0.013690815744438107,49011126404
77,4304,1834,48,0.0,1,0.025504782146652496,49011126405
78,4507,2213,78,0.0,1,0.034046268005237884,49011126406
79,7052,3015,88,0.0,1,0.02835965194972607,49011126500
80,5814,2432,61,0.0,1,0.024468511833132773,49011126600
81,4310,2184,66,0.0,1,0.029333333333333333,49011126700
82,3516,1379,25,0.0,1,0.017806267806267807,49011126801
83,5330,1979,48,0.0,1,0.023680315737543166,49011126802
84,6324,3170,91,0.0,1,0.02790555044464888,49011126901
85,6655,3495,140,0.0,1,0.03851444291609354,49011126902
86,5664,3912,84,0.0,1,0.021021021021021023,49011127003
87,8817,4595,120,0.0,1,0.02545068928950159,49011127004
88,7943,3741,103,0.0,1,0.02679500520291363,49011127100
89,5162,2756,46,0.0,1,0.01641684511063526,49019000300
90,3611,1491,35,0.0,1,0.022935779816513763,49021110300
91,9795,4600,154,0.0,1,0.032393773664282706,49021110500
92,6366,3137,68,0.0,1,0.021216848673946957,49021110600
93,7043,3065,120,0.0,1,0.03767660910518053,49021110701
94,4469,1942,26,0.0,1,0.013211382113821139,49021110702
95,5470,2702,85,0.0,1,0.030498744169357734,49023010100
96,4727,2352,89,0.0,1,0.03646046702171241,49023010200
97,2373,1062,21,0.0,1,0.019390581717451522,49025130100
98,4995,2486,103,0.0,1,0.039783700270374665,49025130200
99,4961,2453,78,0.0,1,0.03081785855393125,49027974100
100,3008,1393,39,0.0,1,0.02723463687150838,49027974200
101,4599,2393,99,0.0,1,0.039727126805778494,49027974300
102,9244,4532,137,0.0,1,0.029342471621332192,49029970100
103,1623,643,6,0.0,1,0.009244992295839754,49029970200
104,2331,1045,39,0.0,1,0.035977859778597784,49033950100
105,1707,974,20,0.0,1,0.02012072434607646,49035100100
106,1446,869,34,0.0,1,0.03765227021040975,49035100200
107,5500,2624,115,0.0,1,0.041986126323475724,49035100306
108,5542,2389,112,0.0,1,0.044782087165133946,49035100307
109,4492,1885,51,0.0,1,0.02634297520661157,49035100308
110,2974,1959,112,0.0,1,0.05408015451472718,49035100700
111,2609,1418,44,0.0,1,0.030095759233926128,49035100800
112,3229,1981,54,0.0,1,0.026535626535626536,49035101000
113,2038,1559,25,0.0,1,0.015782828282828284,49035101101
114,3800,2515,57,0.0,1,0.022161741835147745,49035101102
115,3962,3193,61,0.0,1,0.018746158574062692,49035101200
116,5166,2180,123,0.0,1,0.05340859748154581,49035101400
117,3582,2245,52,0.0,1,0.022638223770134958,49035101500
118,3768,3032,67,0.0,1,0.021619877379799937,49035101600
119,3668,2739,48,0.0,1,0.017222820236813777,49035101700
120,3459,2551,108,0.0,1,0.04061677322301617,49035101800
121,2576,1530,88,0.0,1,0.054388133498145856,49035101900
122,2694,1718,93,0.0,1,0.05135284373274434,49035102000
123,2922,1552,66,0.0,1,0.0407911001236094,49035102300
124,5612,2551,83,0.0,1,0.03151100987091875,49035102701
125,3296,1844,36,0.0,1,0.019148936170212766,49035103000
126,4845,2721,48,0.0,1,0.01733477789815818,49035103200
127,4780,2935,113,0.0,1,0.037073490813648295,49035103300
128,4522,2738,27,0.0,1,0.00976491862567812,49035103400
129,4265,2759,78,0.0,1,0.027493831512160734,49035103500
130,2956,1453,26,0.0,1,0.01757944557133198,49035103600
131,2876,1742,5,0.0,1,0.0028620492272467086,49035103700
132,2456,1530,46,0.0,1,0.02918781725888325,49035103800
133,4139,2452,63,0.0,1,0.025049701789264415,49035103900
134,3452,1934,37,0.0,1,0.018772196854388634,49035104000
135,3093,1361,21,0.0,1,0.015195369030390739,49035104100
136,6831,3467,84,0.0,1,0.023655308363841172,49035104200
137,3079,1951,23,0.0,1,0.01165146909827761,49035104300
138,2130,903,18,0.0,1,0.019543973941368076,49035104400
139,5369,3391,50,0.0,1,0.014530659691950014,49035104700
140,5346,3271,36,0.0,1,0.010885999395222256,49035104800
141,3546,2318,87,0.0,1,0.03617463617463618,49035104900
142,4571,2575,38,0.0,1,0.01454267125908917,49035110102
143,3720,2259,13,0.0,1,0.005721830985915493,49035110103
144,5687,2801,29,0.0,1,0.010247349823321554,49035110104
145,5510,3558,47,0.0,1,0.0130374479889043,49035110200
146,5795,3406,56,0.0,1,0.016175621028307337,49035110300
147,3847,1687,59,0.0,1,0.03379152348224513,49035110401
148,3992,2152,10,0.0,1,0.004625346901017576,49035110402
149,6944,3082,88,0.0,1,0.0277602523659306,49035110500
150,5757,3104,52,0.0,1,0.016476552598225603,49035110600
151,3842,2522,29,0.0,1,0.011368090944727557,49035110701
152,5201,2679,66,0.0,1,0.024043715846994537,49035110702
153,5966,2923,59,0.0,1,0.019785378940308518,49035110800
154,4670,2454,21,0.0,1,0.008484848484848486,49035110900
155,4877,2575,69,0.0,1,0.026096822995461424,49035111001
156,6329,3234,47,0.0,1,0.014324900944833891,49035111002
157,6662,3892,49,0.0,1,0.012433392539964476,49035111101
158,6724,3637,88,0.0,1,0.023624161073825502,49035111102
159,6121,2719,31,0.0,1,0.011272727272727273,49035111103
160,3051,2037,30,0.0,1,0.01451378809869376,49035111201
161,5261,3027,111,0.0,1,0.03537284894837476,49035111202
162,6406,3662,85,0.0,1,0.02268481451828129,49035111302
163,3765,2205,36,0.0,1,0.01606425702811245,49035111304
164,4321,2205,76,0.0,1,0.033318719859710653,49035111305
165,2753,1571,47,0.0,1,0.02904820766378245,49035111306
166,6805,3533,172,0.0,1,0.046423751686909584,49035111400
167,1989,1089,32,0.0,1,0.028545941123996433,49035111500
168,8005,3380,100,0.0,1,0.028735632183908046,49035111600
169,5569,3682,69,0.0,1,0.018395094641428952,49035111701
170,4495,2689,102,0.0,1,0.03654604084557506,49035111702
171,5512,3297,86,0.0,1,0.025421223765888266,49035111801
172,2719,1354,67,0.0,1,0.047149894440534836,49035111802
173,4234,2765,62,0.0,1,0.02193137601697913,49035111903
174,3716,2220,63,0.0,1,0.02759526938239159,49035111904
175,3739,2171,18,0.0,1,0.008222932846048425,49035111905
176,4548,2735,100,0.0,1,0.03527336860670194,49035111906
177,3638,2087,61,0.0,1,0.028398510242085662,49035112001
178,4619,2650,183,0.0,1,0.0645958348040946,49035112002
179,7978,5356,100,0.0,1,0.018328445747800588,49035112100
180,5417,2986,150,0.0,1,0.04783163265306122,49035112201
181,4133,2329,86,0.0,1,0.03561076604554866,49035112202
182,4004,2388,62,0.0,1,0.025306122448979593,49035112301
183,3673,2168,110,0.0,1,0.048287971905179985,49035112302
184,6995,3381,95,0.0,1,0.027330264672036825,49035112402
185,5008,4012,133,0.0,1,0.032086851628468034,49035112403
186,4220,2664,169,0.0,1,0.05965407695022944,49035112404
187,3930,2253,93,0.0,1,0.03964194373401535,49035112501
188,6911,4380,119,0.0,1,0.026450322293843077,49035112502
189,4846,2375,55,0.0,1,0.02263374485596708,49035112503
190,5221,2827,73,0.0,1,0.02517241379310345,49035112604
191,7197,4889,121,0.0,1,0.024151696606786427,49035112605
192,5681,2676,40,0.0,1,0.014727540500736377,49035112608
193,6038,2997,33,0.0,1,0.01089108910891089,49035112609
194,4500,2610,68,0.0,1,0.02539208364451083,49035112610
195,7166,3852,65,0.0,1,0.016594332397242787,49035112611
196,4577,2407,67,0.0,1,0.027081649151172192,49035112612
197,5227,2700,80,0.0,1,0.02877697841726619,49035112613
198,3596,1660,33,0.0,1,0.019492025989367986,49035112614
199,2474,1284,48,0.0,1,0.036036036036036036,49035112615
200,4701,2255,108,0.0,1,0.045704612780363946,49035112616
201,3978,2291,46,0.0,1,0.019683354728284124,49035112617
202,3552,1842,73,0.0,1,0.0381201044386423,49035112618
203,3439,1706,43,0.0,1,0.024585477415666093,49035112619
204,5222,3319,136,0.0,1,0.039363241678726485,49035112700
205,5930,3102,38,0.0,1,0.012101910828025478,49035112804
206,5665,2999,80,0.0,1,0.025982461838259176,49035112805
207,7326,4229,179,0.0,1,0.040607985480943735,49035112810
208,5881,3264,117,0.0,1,0.03460514640638864,49035112812
209,6014,3338,96,0.0,1,0.027955736750145604,49035112813
210,4799,2468,42,0.0,1,0.016733067729083666,49035112814
211,5351,2867,84,0.0,1,0.02846492714334124,49035112815
212,5326,2647,105,0.0,1,0.03815406976744186,49035112816
213,7149,4438,50,0.0,1,0.011140819964349376,49035112817
214,4309,0,0,0.0,1,,49035112818
215,7818,3922,74,0.0,1,0.018518518518518517,49035112819
216,7974,4442,122,0.0,1,0.02673093777388256,49035112820
217,7023,3413,82,0.0,1,0.0234620886981402,49035112821
218,5310,2266,39,0.0,1,0.016919739696312365,49035112822
219,4710,2623,57,0.0,1,0.02126865671641791,49035112823
220,7456,3678,108,0.0,1,0.028526148969889066,49035112904
221,5685,2887,136,0.0,1,0.044988422097254385,49035112905
222,2893,1760,74,0.0,1,0.04034896401308615,49035112912
223,5777,2863,100,0.0,1,0.03374957813027337,49035112913
224,6765,4118,130,0.0,1,0.030602636534839925,49035112914
225,5068,2714,71,0.0,1,0.02549371633752244,49035112916
226,4273,2475,63,0.0,1,0.024822695035460994,49035112917
227,5729,3269,124,0.0,1,0.036545829649277925,49035112918
228,4685,2388,67,0.0,1,0.027291242362525458,49035112920
229,3799,2094,83,0.0,1,0.03812586127698668,49035112921
230,6943,3421,76,0.0,1,0.021732913926222477,49035113008
231,6922,3748,64,0.0,1,0.016789087093389297,49035113010
232,6060,3194,57,0.0,1,0.01753306674869271,49035113011
233,5394,2568,86,0.0,1,0.03240391861341371,49035113012
234,5155,3002,58,0.0,1,0.01895424836601307,49035113013
235,4390,2647,61,0.0,1,0.022525849335302807,49035113014
236,6755,3656,63,0.0,1,0.0169400376445281,49035113016
237,6978,3698,78,0.0,1,0.02065677966101695,49035113017
238,6291,4262,43,0.0,1,0.009988385598141697,49035113019
239,12138,8271,68,0.0,1,0.008154454970619979,49035113020
240,7878,4122,162,0.0,1,0.037815126050420166,49035113101
241,4229,2169,127,0.0,1,0.05531358885017421,49035113102
242,4635,2439,33,0.0,1,0.013349514563106795,49035113105
243,24336,12236,325,0.0,1,0.025873736167502586,49035113107
244,4575,2206,26,0.0,1,0.011648745519713262,49035113108
245,6348,3475,143,0.0,1,0.039524599226091764,49035113306
246,7295,4124,141,0.0,1,0.03305978898007034,49035113307
247,5538,2829,128,0.0,1,0.043287115319580655,49035113308
248,5418,2655,95,0.0,1,0.034545454545454546,49035113309
249,7049,3212,163,0.0,1,0.048296296296296296,49035113406
250,12098,5565,203,0.0,1,0.03519417475728155,49035113407
251,5977,3285,112,0.0,1,0.03297026788342655,49035113409
252,7324,3167,98,0.0,1,0.03001531393568147,49035113410
253,2945,1514,52,0.0,1,0.033205619412515965,49035113411
254,3101,1661,58,0.0,1,0.03374054682955206,49035113412
255,6159,3258,142,0.0,1,0.04176470588235294,49035113413
256,7103,3812,256,0.0,1,0.06293018682399214,49035113505
257,6805,3805,110,0.0,1,0.0280970625798212,49035113509
258,3472,1828,47,0.0,1,0.025066666666666668,49035113510
259,4017,2063,67,0.0,1,0.03145539906103286,49035113511
260,3875,2272,36,0.0,1,0.01559792027729636,49035113512
261,5902,3670,77,0.0,1,0.020549773151854817,49035113513
262,6193,3401,209,0.0,1,0.05789473684210526,49035113514
263,5984,3432,56,0.0,1,0.016055045871559634,49035113515
264,7113,3473,143,0.0,1,0.03954646017699115,49035113521
265,3672,2176,55,0.0,1,0.024652622142536978,49035113522
266,6727,3829,111,0.0,1,0.02817258883248731,49035113523
267,7631,4579,103,0.0,1,0.021999145664246048,49035113525
268,5855,3029,70,0.0,1,0.022587931590835754,49035113526
269,4680,2348,50,0.0,1,0.020850708924103418,49035113527
270,5767,2994,133,0.0,1,0.042532779021426284,49035113528
271,3439,1999,62,0.0,1,0.030082484230955848,49035113532
272,5250,2403,115,0.0,1,0.04567116759332804,49035113533
273,8199,4016,78,0.0,1,0.019052271617000488,49035113534
274,7399,4107,63,0.0,1,0.015107913669064749,49035113535
275,4565,2110,90,0.0,1,0.04090909090909091,49035113536
276,3793,2027,73,0.0,1,0.034761904761904765,49035113537
277,3571,1905,38,0.0,1,0.0195573854863613,49035113538
278,5066,2488,99,0.0,1,0.038268264398917666,49035113539
279,5857,2902,174,0.0,1,0.056566970091027305,49035113600
280,4226,2538,59,0.0,1,0.022718521370812476,49035113701
281,2968,1618,60,0.0,1,0.03575685339690107,49035113702
282,6150,2790,165,0.0,1,0.05583756345177665,49035113801
283,4319,1930,91,0.0,1,0.0450272142503711,49035113802
284,9063,5638,126,0.0,1,0.021859819569743234,49035113803
285,5380,2619,110,0.0,1,0.04030780505679736,49035113903
286,6168,2684,129,0.0,1,0.0458585140419481,49035113904
287,8118,4286,106,0.0,1,0.02413479052823315,49035113905
288,7063,3971,133,0.0,1,0.032407407407407406,49035113907
289,1641,1391,39,0.0,1,0.02727272727272727,49035114000
290,2467,1568,46,0.0,1,0.028500619578686492,49035114100
291,4742,2622,46,0.0,1,0.017241379310344827,49035114200
292,17241,9833,312,0.0,1,0.03075406604238541,49035114300
293,7857,4324,88,0.0,1,0.019945602901178604,49035114600
294,5084,2798,39,0.0,1,0.013746915756080367,49035114700
295,3973,2055,23,0.0,1,0.011068334937439845,49035114800
296,8072,3905,95,0.0,1,0.02375,49035115106
297,6846,3707,165,0.0,1,0.04261363636363636,49035115209
298,0,0,0,0.0,1,,49035980000
299,4212,1392,55,0.0,1,0.03800967519004837,49037942100
300,8137,3231,134,0.0,1,0.03982169390787518,49039972100
301,3996,1689,25,0.0,1,0.014585764294049008,49039972200
302,5488,1675,41,0.0,1,0.023892773892773892,49039972300
303,4792,1859,42,0.0,1,0.022093634928984744,49039972500
304,4532,2257,70,0.0,1,0.030081650193382038,49041975100
305,2284,1162,28,0.0,1,0.023529411764705882,49043964101
306,4006,2033,70,0.0,1,0.033285782215882076,49043964201
307,3240,1703,118,0.0,1,0.06479956068094453,49043964303
308,5062,3338,38,0.0,1,0.011255924170616114,49043964304
309,1676,1796,109,0.0,1,0.05721784776902887,49043964305
310,2695,1796,27,0.0,1,0.014810751508502468,49043964306
311,5602,2892,43,0.0,1,0.01465076660988075,49043964307
312,3116,1646,8,0.0,1,0.0048367593712212815,49043964308
313,1479,1135,39,0.0,1,0.03321976149914821,49043964401
314,3933,2405,38,0.0,1,0.015554645927138764,49043964402
315,2704,1241,37,0.0,1,0.028951486697965573,49045130600
316,3513,1818,48,0.0,1,0.02572347266881029,49045130701
317,15039,8035,236,0.0,1,0.02853343005682505,49045130702
318,7460,3598,76,0.0,1,0.020685900925421885,49045130703
319,5738,2414,128,0.0,1,0.05035405192761605,49045130800
320,4866,2113,61,0.0,1,0.028058877644894203,49045130900
321,2818,1514,72,0.0,1,0.04539722572509458,49045131001
322,8586,4091,190,0.0,1,0.04438215370240598,49045131002
323,7987,4053,205,0.0,1,0.04814466885861907,49045131100
324,3515,1393,75,0.0,1,0.05108991825613079,49045131200
325,0,0,0,0.0,1,,49045980000
326,6416,2432,74,0.0,1,0.029529130087789304,49047968402
327,5060,2276,63,0.0,1,0.026934587430525864,49049000102
328,4274,1923,75,0.0,1,0.03753753753753754,49049000103
329,3547,1495,32,0.0,1,0.020956123117223315,49049000104
330,4652,1739,82,0.0,1,0.04503020318506315,49049000105
331,4959,2179,101,0.0,1,0.04429824561403509,49049000203
332,6408,2964,78,0.0,1,0.02564102564102564,49049000204
333,4104,1787,54,0.0,1,0.02933188484519283,49049000205
334,3907,1699,46,0.0,1,0.026361031518624643,49049000206
335,4056,1871,100,0.0,1,0.050735667174023336,49049000400
336,4426,2163,54,0.0,1,0.02435723951285521,49049000504
337,4049,2137,77,0.0,1,0.03477868112014453,49049000506
338,2398,1109,25,0.0,1,0.02204585537918871,49049000507
339,5809,2631,73,0.0,1,0.026997041420118342,49049000508
340,7205,3270,65,0.0,1,0.019490254872563718,49049000509
341,3458,1496,36,0.0,1,0.02349869451697128,49049000601
342,4623,2105,54,0.0,1,0.025011579434923575,49049000603
343,3343,1658,42,0.0,1,0.024705882352941175,49049000604
344,6065,2792,120,0.0,1,0.04120879120879121,49049000703
345,6376,3358,72,0.0,1,0.02099125364431487,49049000706
346,3864,1982,57,0.0,1,0.027954879843060325,49049000707
347,3298,1545,52,0.0,1,0.03256105197244834,49049000708
348,3196,1442,32,0.0,1,0.021709633649932156,49049000709
349,3368,1374,52,0.0,1,0.0364656381486676,49049000710
350,2647,1022,15,0.0,1,0.01446480231436837,49049000711
351,6227,2868,107,0.0,1,0.03596638655462185,49049000801
352,5899,2617,145,0.0,1,0.05249818971759594,49049000802
353,6482,2669,93,0.0,1,0.03367125271542361,49049000901
354,4024,1782,36,0.0,1,0.019801980198019802,49049000903
355,3407,1499,29,0.0,1,0.018979057591623036,49049000904
356,4244,1747,58,0.0,1,0.03213296398891967,49049001001
357,2875,973,65,0.0,1,0.0626204238921002,49049001002
358,2865,1225,70,0.0,1,0.05405405405405406,49049001103
359,3806,2061,92,0.0,1,0.042731072921504874,49049001105
360,3430,1443,43,0.0,1,0.028936742934051143,49049001106
361,3896,1900,46,0.0,1,0.023638232271325797,49049001107
362,3477,1897,34,0.0,1,0.017607457276022784,49049001108
363,4766,2380,143,0.0,1,0.05667855727308759,49049001201
364,5322,3034,127,0.0,1,0.04017715912685859,49049001202
365,4005,2251,36,0.0,1,0.015741145605596852,49049001300
366,4053,1532,42,0.0,1,0.026683608640406607,49049001401
367,7679,4027,141,0.0,1,0.03382917466410749,49049001402
368,4304,2574,68,0.0,1,0.025738077214231644,49049001501
369,5044,2714,45,0.0,1,0.016310257339615802,49049001504
370,7129,2009,89,0.0,1,0.04242135367016206,49049001601
371,4738,2113,90,0.0,1,0.04085338175215615,49049001603
372,4028,2336,59,0.0,1,0.024634655532359082,49049001701
373,4994,3076,69,0.0,1,0.021939586645468998,49049001702
374,6620,5137,175,0.0,1,0.032944277108433735,49049001801
375,6988,4800,99,0.0,1,0.02020820575627679,49049001802
376,2306,1496,42,0.0,1,0.027308192457737322,49049001803
377,4874,3442,85,0.0,1,0.024099801531046215,49049001900
378,6569,4095,119,0.0,1,0.02823920265780731,49049002000
379,4273,2028,40,0.0,1,0.019342359767891684,49049002101
380,3467,1472,74,0.0,1,0.047865459249676584,49049002102
381,5470,5098,131,0.0,1,0.025052591317651557,49049002201
382,4048,1995,114,0.0,1,0.05405405405405406,49049002204
383,4808,2176,114,0.0,1,0.04978165938864629,49049002205
384,3753,1886,102,0.0,1,0.05130784708249497,49049002206
385,3883,1803,84,0.0,1,0.04451510333863275,49049002207
386,3956,2437,69,0.0,1,0.02753391859537111,49049002300
387,4757,3004,78,0.0,1,0.025308241401687217,49049002500
388,3665,1490,60,0.0,1,0.03870967741935484,49049002701
389,5096,3328,61,0.0,1,0.017999409855414577,49049002702
390,1665,969,31,0.0,1,0.031,49049002802
391,5455,2613,28,0.0,1,0.010602044680045438,49049002901
392,3980,1783,68,0.0,1,0.036736898973527825,49049002902
393,4688,2472,37,0.0,1,0.014746911119968115,49049003001
394,2468,1024,28,0.0,1,0.026615969581749048,49049003002
395,3145,1343,49,0.0,1,0.035201149425287355,49049003103
396,4422,1796,39,0.0,1,0.02125340599455041,49049003104
397,3948,2370,45,0.0,1,0.018633540372670808,49049003105
398,2913,1367,34,0.0,1,0.02426837972876517,49049003106
399,2917,1392,47,0.0,1,0.03266157053509382,49049003201
400,4683,2083,85,0.0,1,0.03920664206642067,49049003203
401,2943,1481,23,0.0,1,0.015292553191489361,49049003204
402,4621,2122,50,0.0,1,0.02302025782688766,49049003205
403,6670,3544,48,0.0,1,0.013363028953229399,49049003300
404,4195,1850,32,0.0,1,0.01700318809776833,49049003401
405,6699,3262,52,0.0,1,0.015691007845503924,49049003402
406,5724,2363,95,0.0,1,0.038649308380797394,49049003403
407,7283,2912,52,0.0,1,0.017543859649122806,49049010103
408,7503,3607,57,0.0,1,0.015556768558951965,49049010104
409,8128,4638,61,0.0,1,0.012981485422430303,49049010105
410,4522,2225,9,0.0,1,0.0040286481647269475,49049010106
411,2853,1183,17,0.0,1,0.014166666666666666,49049010107
412,7565,3502,74,0.0,1,0.02069351230425056,49049010108
413,7864,3733,181,0.0,1,0.04624425140521206,49049010109
414,1484,849,11,0.0,1,0.012790697674418604,49049010110
415,7489,3379,34,0.0,1,0.009961910342806914,49049010111
416,5531,2970,37,0.0,1,0.012304622547389425,49049010112
417,5291,2829,19,0.0,1,0.006671348314606741,49049010113
418,4210,2056,19,0.0,1,0.009156626506024097,49049010208
419,6162,2416,63,0.0,1,0.025413473174667203,49049010209
420,3488,1547,31,0.0,1,0.01964512040557668,49049010211
421,4284,1904,22,0.0,1,0.01142263759086189,49049010212
422,2874,1110,30,0.0,1,0.02631578947368421,49049010213
423,6453,3352,106,0.0,1,0.030653556969346442,49049010214
424,7743,3521,102,0.0,1,0.028153463980126966,49049010215
425,3155,1263,28,0.0,1,0.021688613477924088,49049010216
426,4452,2113,70,0.0,1,0.0320659642693541,49049010217
427,6160,2446,46,0.0,1,0.018459069020866775,49049010218
428,4941,2240,58,0.0,1,0.025239338555265448,49049010219
429,6765,2898,73,0.0,1,0.024570851565129587,49049010220
430,4643,2289,91,0.0,1,0.03823529411764706,49049010303
431,7016,3707,208,0.0,1,0.05312899106002554,49049010304
432,3260,1259,46,0.0,1,0.03524904214559387,49049010305
433,5141,1755,11,0.0,1,0.00622876557191393,49049010404
434,4368,1986,79,0.0,1,0.038256658595641646,49049010405
435,2133,1154,14,0.0,1,0.011986301369863013,49049010406
436,2904,1092,8,0.0,1,0.007272727272727273,49049010407
437,4081,1718,53,0.0,1,0.029926595143986448,49049010408
438,2859,1278,43,0.0,1,0.03255109765329296,49049010409
439,3427,1533,49,0.0,1,0.030973451327433628,49049010410
440,3336,1206,38,0.0,1,0.03054662379421222,49049010503
441,3266,1516,61,0.0,1,0.03868103994927077,49049010504
442,4434,1636,85,0.0,1,0.04938988959907031,49049010505
443,2047,978,19,0.0,1,0.01905717151454363,49049010506
444,3778,1811,97,0.0,1,0.05083857442348008,49049010600
445,5365,2236,44,0.0,1,0.01929824561403509,49049010700
446,0,0,0,0.0,1,,49049980100
447,10669,5307,175,0.0,1,0.03192265596497629,49051940500
448,4874,2311,39,0.0,1,0.016595744680851062,49051960100
449,7290,3112,154,0.0,1,0.04715248009797918,49051960200
450,6611,2835,78,0.0,1,0.026776519052523172,49051960400
451,9731,3662,213,0.0,1,0.05496774193548387,49053270100
452,3433,1394,38,0.0,1,0.02653631284916201,49053270200
453,9534,3356,114,0.0,1,0.032853025936599424,49053270300
454,7240,3185,54,0.0,1,0.01667181228774313,49053270400
455,8304,3400,150,0.0,1,0.04225352112676056,49053270500
456,9034,3154,85,0.0,1,0.026242667489966037,49053270600
457,15891,7892,204,0.0,1,0.025197628458498024,49053270801
458,5646,3304,52,0.0,1,0.015494636471990465,49053270802
459,4345,1476,66,0.0,1,0.042801556420233464,49053270901
460,11449,5012,130,0.0,1,0.025281991443018282,49053270902
461,4767,1762,122,0.0,1,0.06475583864118896,49053271000
462,11822,4446,103,0.0,1,0.022642338975599034,49053271100
463,3623,2020,75,0.0,1,0.03579952267303103,49053271200
464,4345,1900,112,0.0,1,0.055666003976143144,49053271300
465,4476,2060,29,0.0,1,0.013882240306366683,49053271400
466,7120,3133,131,0.0,1,0.04013480392156863,49053271500
467,6406,2618,103,0.0,1,0.037853730246233,49053271600
468,9340,4235,40,0.0,1,0.00935672514619883,49053271701
469,6154,2866,146,0.0,1,0.04847277556440903,49053271702
470,3463,1447,73,0.0,1,0.04802631578947368,49053271800
471,4485,2314,61,0.0,1,0.02568421052631579,49057200100
472,5201,2430,66,0.0,1,0.026442307692307692,49057200203
473,4628,2314,105,0.0,1,0.0434063662670525,49057200204
474,6772,3465,124,0.0,1,0.03455001393145723,49057200500
475,4308,2180,103,0.0,1,0.045116075339465614,49057200600
476,3230,1677,74,0.0,1,0.0422615648201028,49057200700
477,5055,2445,103,0.0,1,0.04042386185243328,49057200800
478,4649,1840,95,0.0,1,0.04909560723514212,49057200900
479,3196,1728,37,0.0,1,0.020963172804532578,49057201400
480,4247,2076,63,0.0,1,0.029453015427769985,49057201500
481,4251,2566,68,0.0,1,0.025816249050873197,49057201600
482,5950,2936,33,0.0,1,0.01111485348602223,49057202000
483,7642,3141,123,0.0,1,0.03768382352941176,49057210100
484,4741,2422,31,0.0,1,0.012637586628618018,49057210201
485,2753,1418,30,0.0,1,0.020718232044198894,49057210203
486,4560,2173,68,0.0,1,0.03034359660865685,49057210204
487,8628,4360,218,0.0,1,0.047619047619047616,49057210302
488,7341,3423,97,0.0,1,0.027556818181818182,49057210303
489,3715,1926,38,0.0,1,0.019348268839103868,49057210304
490,7024,3453,57,0.0,1,0.01623931623931624,49057210402
491,8018,4327,61,0.0,1,0.01390154968094804,49057210403
492,2222,1206,42,0.0,1,0.03365384615384615,49057210404
493,9005,4805,159,0.0,1,0.03203062046736503,49057210504
494,7640,4096,94,0.0,1,0.02243436754176611,49057210505
495,11435,6369,142,0.0,1,0.021809245891568116,49057210506
496,2315,1297,11,0.0,1,0.008409785932721712,49057210508
497,4794,2377,78,0.0,1,0.03177189409368635,49057210509
498,3705,1822,58,0.0,1,0.030851063829787233,49057210510
499,4785,2200,54,0.0,1,0.023957409050576754,49057210512
500,7066,2963,122,0.0,1,0.039546191247974066,49057210600
501,2629,1322,21,0.0,1,0.01563663440059568,49057210703
502,6367,2829,77,0.0,1,0.026496902959394355,49057210704
503,6813,3638,77,0.0,1,0.02072678331090175,49057210900
504,4670,2277,77,0.0,1,0.03271028037383177,49057211201
505,7159,3734,60,0.0,1,0.0158144438587243,49057211202
